"0","#read in ewt 6.8 data"
"0","setwd(""/Users/brentscott/Documents/UMASS/Lab/R/data/Data for bin plots/eWT/6.8/pca4"")"
"2","The working directory was changed to /Users/brentscott/Documents/UMASS/Lab/R/data/Data for bin plots/eWT/6.8/pca4 inside a notebook chunk. The working directory will be reset when the chunk is finished running. Use the knitr root.dir option in the setup chunk to change the working directory for notebook chunks."
"0","ewt_6.8_4_dat <- mass_import(""ewt"", 6.8, 4, 17)"
"2","Duplicated column names deduplicated: 'avgX' => 'avgX_1' [15]"
"2","Parsed with column specification:
cols(
  Track = col_integer(),
  Length = col_double(),
  Distance = col_double(),
  `#Frames` = col_integer(),
  `1stFrame` = col_integer(),
  `time(s)` = col_double(),
  MaxSpeed = col_double(),
  AvgArea = col_double(),
  StdArea = col_double(),
  AvgPerim = col_double(),
  StdPerim = col_double(),
  AvgSpeed = col_double(),
  BLPS = col_double(),
  avgX = col_double(),
  avgX_1 = col_double()
)
"
"2","Duplicated column names deduplicated: 'avgX' => 'avgX_1' [15]"
"2","Parsed with column specification:
cols(
  Track = col_integer(),
  Length = col_double(),
  Distance = col_double(),
  `#Frames` = col_integer(),
  `1stFrame` = col_integer(),
  `time(s)` = col_double(),
  MaxSpeed = col_double(),
  AvgArea = col_double(),
  StdArea = col_double(),
  AvgPerim = col_double(),
  StdPerim = col_double(),
  AvgSpeed = col_double(),
  BLPS = col_double(),
  avgX = col_double(),
  avgX_1 = col_double()
)
"
"2","Duplicated column names deduplicated: 'avgX' => 'avgX_1' [15]"
"2","Parsed with column specification:
cols(
  Track = col_integer(),
  Length = col_double(),
  Distance = col_double(),
  `#Frames` = col_integer(),
  `1stFrame` = col_integer(),
  `time(s)` = col_double(),
  MaxSpeed = col_double(),
  AvgArea = col_double(),
  StdArea = col_double(),
  AvgPerim = col_double(),
  StdPerim = col_double(),
  AvgSpeed = col_double(),
  BLPS = col_double(),
  avgX = col_double(),
  avgX_1 = col_double()
)
"
"2","Duplicated column names deduplicated: 'avgX' => 'avgX_1' [15]"
"2","Parsed with column specification:
cols(
  Track = col_integer(),
  Length = col_double(),
  Distance = col_double(),
  `#Frames` = col_integer(),
  `1stFrame` = col_integer(),
  `time(s)` = col_double(),
  MaxSpeed = col_double(),
  AvgArea = col_double(),
  StdArea = col_double(),
  AvgPerim = col_double(),
  StdPerim = col_double(),
  AvgSpeed = col_double(),
  BLPS = col_double(),
  avgX = col_double(),
  avgX_1 = col_double()
)
"
"2","Duplicated column names deduplicated: 'avgX' => 'avgX_1' [15]"
"2","Parsed with column specification:
cols(
  Track = col_integer(),
  Length = col_double(),
  Distance = col_double(),
  `#Frames` = col_integer(),
  `1stFrame` = col_integer(),
  `time(s)` = col_double(),
  MaxSpeed = col_double(),
  AvgArea = col_double(),
  StdArea = col_double(),
  AvgPerim = col_double(),
  StdPerim = col_double(),
  AvgSpeed = col_double(),
  BLPS = col_double(),
  avgX = col_double(),
  avgX_1 = col_double()
)
"
"2","Duplicated column names deduplicated: 'avgX' => 'avgX_1' [15]"
"2","Parsed with column specification:
cols(
  Track = col_integer(),
  Length = col_double(),
  Distance = col_double(),
  `#Frames` = col_integer(),
  `1stFrame` = col_integer(),
  `time(s)` = col_double(),
  MaxSpeed = col_double(),
  AvgArea = col_double(),
  StdArea = col_double(),
  AvgPerim = col_double(),
  StdPerim = col_double(),
  AvgSpeed = col_double(),
  BLPS = col_double(),
  avgX = col_double(),
  avgX_1 = col_double()
)
"
"2","Duplicated column names deduplicated: 'avgX' => 'avgX_1' [15]"
"2","Parsed with column specification:
cols(
  Track = col_integer(),
  Length = col_double(),
  Distance = col_double(),
  `#Frames` = col_integer(),
  `1stFrame` = col_integer(),
  `time(s)` = col_double(),
  MaxSpeed = col_double(),
  AvgArea = col_double(),
  StdArea = col_double(),
  AvgPerim = col_double(),
  StdPerim = col_double(),
  AvgSpeed = col_double(),
  BLPS = col_double(),
  avgX = col_double(),
  avgX_1 = col_double()
)
"
"2","Duplicated column names deduplicated: 'avgX' => 'avgX_1' [15]"
"2","Parsed with column specification:
cols(
  Track = col_integer(),
  Length = col_double(),
  Distance = col_double(),
  `#Frames` = col_integer(),
  `1stFrame` = col_integer(),
  `time(s)` = col_double(),
  MaxSpeed = col_double(),
  AvgArea = col_double(),
  StdArea = col_double(),
  AvgPerim = col_double(),
  StdPerim = col_double(),
  AvgSpeed = col_double(),
  BLPS = col_double(),
  avgX = col_double(),
  avgX_1 = col_double()
)
"
"2","Duplicated column names deduplicated: 'avgX' => 'avgX_1' [15]"
"2","Parsed with column specification:
cols(
  Track = col_integer(),
  Length = col_double(),
  Distance = col_double(),
  `#Frames` = col_integer(),
  `1stFrame` = col_integer(),
  `time(s)` = col_double(),
  MaxSpeed = col_double(),
  AvgArea = col_double(),
  StdArea = col_double(),
  AvgPerim = col_double(),
  StdPerim = col_double(),
  AvgSpeed = col_double(),
  BLPS = col_double(),
  avgX = col_double(),
  avgX_1 = col_double()
)
"
"2","Duplicated column names deduplicated: 'avgX' => 'avgX_1' [15]"
"2","Parsed with column specification:
cols(
  Track = col_integer(),
  Length = col_double(),
  Distance = col_double(),
  `#Frames` = col_integer(),
  `1stFrame` = col_integer(),
  `time(s)` = col_double(),
  MaxSpeed = col_double(),
  AvgArea = col_double(),
  StdArea = col_double(),
  AvgPerim = col_double(),
  StdPerim = col_double(),
  AvgSpeed = col_double(),
  BLPS = col_double(),
  avgX = col_double(),
  avgX_1 = col_double()
)
"
"2","Duplicated column names deduplicated: 'avgX' => 'avgX_1' [15]"
"2","Parsed with column specification:
cols(
  Track = col_integer(),
  Length = col_double(),
  Distance = col_double(),
  `#Frames` = col_integer(),
  `1stFrame` = col_integer(),
  `time(s)` = col_double(),
  MaxSpeed = col_double(),
  AvgArea = col_double(),
  StdArea = col_double(),
  AvgPerim = col_double(),
  StdPerim = col_double(),
  AvgSpeed = col_double(),
  BLPS = col_double(),
  avgX = col_double(),
  avgX_1 = col_double()
)
"
"2","Duplicated column names deduplicated: 'avgX' => 'avgX_1' [15]"
"2","Parsed with column specification:
cols(
  Track = col_integer(),
  Length = col_double(),
  Distance = col_double(),
  `#Frames` = col_integer(),
  `1stFrame` = col_integer(),
  `time(s)` = col_double(),
  MaxSpeed = col_double(),
  AvgArea = col_double(),
  StdArea = col_double(),
  AvgPerim = col_double(),
  StdPerim = col_double(),
  AvgSpeed = col_double(),
  BLPS = col_double(),
  avgX = col_double(),
  avgX_1 = col_double()
)
"
"2","Duplicated column names deduplicated: 'avgX' => 'avgX_1' [15]"
"2","Parsed with column specification:
cols(
  Track = col_integer(),
  Length = col_double(),
  Distance = col_double(),
  `#Frames` = col_integer(),
  `1stFrame` = col_integer(),
  `time(s)` = col_double(),
  MaxSpeed = col_double(),
  AvgArea = col_double(),
  StdArea = col_double(),
  AvgPerim = col_double(),
  StdPerim = col_double(),
  AvgSpeed = col_double(),
  BLPS = col_double(),
  avgX = col_double(),
  avgX_1 = col_double()
)
"
"2","Duplicated column names deduplicated: 'avgX' => 'avgX_1' [15]"
"2","Parsed with column specification:
cols(
  Track = col_integer(),
  Length = col_double(),
  Distance = col_double(),
  `#Frames` = col_integer(),
  `1stFrame` = col_integer(),
  `time(s)` = col_double(),
  MaxSpeed = col_double(),
  AvgArea = col_double(),
  StdArea = col_double(),
  AvgPerim = col_double(),
  StdPerim = col_double(),
  AvgSpeed = col_double(),
  BLPS = col_double(),
  avgX = col_double(),
  avgX_1 = col_double()
)
"
"2","Duplicated column names deduplicated: 'avgX' => 'avgX_1' [15]"
"2","Parsed with column specification:
cols(
  Track = col_integer(),
  Length = col_double(),
  Distance = col_double(),
  `#Frames` = col_integer(),
  `1stFrame` = col_integer(),
  `time(s)` = col_double(),
  MaxSpeed = col_double(),
  AvgArea = col_double(),
  StdArea = col_double(),
  AvgPerim = col_double(),
  StdPerim = col_double(),
  AvgSpeed = col_double(),
  BLPS = col_double(),
  avgX = col_double(),
  avgX_1 = col_double()
)
"
"2","Duplicated column names deduplicated: 'avgX' => 'avgX_1' [15]"
"2","Parsed with column specification:
cols(
  Track = col_integer(),
  Length = col_double(),
  Distance = col_double(),
  `#Frames` = col_integer(),
  `1stFrame` = col_integer(),
  `time(s)` = col_double(),
  MaxSpeed = col_double(),
  AvgArea = col_double(),
  StdArea = col_double(),
  AvgPerim = col_double(),
  StdPerim = col_double(),
  AvgSpeed = col_double(),
  BLPS = col_double(),
  avgX = col_double(),
  avgX_1 = col_double()
)
"
"2","Duplicated column names deduplicated: 'avgX' => 'avgX_1' [15]"
"2","Parsed with column specification:
cols(
  Track = col_integer(),
  Length = col_double(),
  Distance = col_double(),
  `#Frames` = col_integer(),
  `1stFrame` = col_integer(),
  `time(s)` = col_double(),
  MaxSpeed = col_double(),
  AvgArea = col_double(),
  StdArea = col_double(),
  AvgPerim = col_double(),
  StdPerim = col_double(),
  AvgSpeed = col_double(),
  BLPS = col_double(),
  avgX = col_double(),
  avgX_1 = col_double()
)
"
"0","setwd(""/Users/brentscott/Documents/UMASS/Lab/R/data/Data for bin plots/eWT/6.8/pca5"")"
"0","ewt_6.8_5_dat <- mass_import(""ewt"", 6.8, 5, 16)"
"2","Duplicated column names deduplicated: 'avgX' => 'avgX_1' [15]"
"2","Parsed with column specification:
cols(
  Track = col_integer(),
  Length = col_double(),
  Distance = col_double(),
  `#Frames` = col_integer(),
  `1stFrame` = col_integer(),
  `time(s)` = col_double(),
  MaxSpeed = col_double(),
  AvgArea = col_double(),
  StdArea = col_double(),
  AvgPerim = col_double(),
  StdPerim = col_double(),
  AvgSpeed = col_double(),
  BLPS = col_double(),
  avgX = col_double(),
  avgX_1 = col_double()
)
"
"2","Duplicated column names deduplicated: 'avgX' => 'avgX_1' [15]"
"2","Parsed with column specification:
cols(
  Track = col_integer(),
  Length = col_double(),
  Distance = col_double(),
  `#Frames` = col_integer(),
  `1stFrame` = col_integer(),
  `time(s)` = col_double(),
  MaxSpeed = col_double(),
  AvgArea = col_double(),
  StdArea = col_double(),
  AvgPerim = col_double(),
  StdPerim = col_double(),
  AvgSpeed = col_double(),
  BLPS = col_double(),
  avgX = col_double(),
  avgX_1 = col_double()
)
"
"2","Duplicated column names deduplicated: 'avgX' => 'avgX_1' [15]"
"2","Parsed with column specification:
cols(
  Track = col_integer(),
  Length = col_double(),
  Distance = col_double(),
  `#Frames` = col_integer(),
  `1stFrame` = col_integer(),
  `time(s)` = col_double(),
  MaxSpeed = col_double(),
  AvgArea = col_double(),
  StdArea = col_double(),
  AvgPerim = col_double(),
  StdPerim = col_double(),
  AvgSpeed = col_double(),
  BLPS = col_double(),
  avgX = col_double(),
  avgX_1 = col_double()
)
"
"2","Duplicated column names deduplicated: 'avgX' => 'avgX_1' [15]"
"2","Parsed with column specification:
cols(
  Track = col_integer(),
  Length = col_double(),
  Distance = col_double(),
  `#Frames` = col_integer(),
  `1stFrame` = col_integer(),
  `time(s)` = col_double(),
  MaxSpeed = col_double(),
  AvgArea = col_double(),
  StdArea = col_double(),
  AvgPerim = col_double(),
  StdPerim = col_double(),
  AvgSpeed = col_double(),
  BLPS = col_double(),
  avgX = col_double(),
  avgX_1 = col_double()
)
"
"2","Duplicated column names deduplicated: 'avgX' => 'avgX_1' [15]"
"2","Parsed with column specification:
cols(
  Track = col_integer(),
  Length = col_double(),
  Distance = col_double(),
  `#Frames` = col_integer(),
  `1stFrame` = col_integer(),
  `time(s)` = col_double(),
  MaxSpeed = col_double(),
  AvgArea = col_double(),
  StdArea = col_double(),
  AvgPerim = col_double(),
  StdPerim = col_double(),
  AvgSpeed = col_double(),
  BLPS = col_double(),
  avgX = col_double(),
  avgX_1 = col_double()
)
"
"2","Duplicated column names deduplicated: 'avgX' => 'avgX_1' [15]"
"2","Parsed with column specification:
cols(
  Track = col_integer(),
  Length = col_double(),
  Distance = col_double(),
  `#Frames` = col_integer(),
  `1stFrame` = col_integer(),
  `time(s)` = col_double(),
  MaxSpeed = col_double(),
  AvgArea = col_double(),
  StdArea = col_double(),
  AvgPerim = col_double(),
  StdPerim = col_double(),
  AvgSpeed = col_double(),
  BLPS = col_double(),
  avgX = col_double(),
  avgX_1 = col_double()
)
"
"2","Duplicated column names deduplicated: 'avgX' => 'avgX_1' [15]"
"2","Parsed with column specification:
cols(
  Track = col_integer(),
  Length = col_double(),
  Distance = col_double(),
  `#Frames` = col_integer(),
  `1stFrame` = col_integer(),
  `time(s)` = col_double(),
  MaxSpeed = col_double(),
  AvgArea = col_double(),
  StdArea = col_double(),
  AvgPerim = col_double(),
  StdPerim = col_double(),
  AvgSpeed = col_double(),
  BLPS = col_double(),
  avgX = col_double(),
  avgX_1 = col_double()
)
"
"2","Duplicated column names deduplicated: 'avgX' => 'avgX_1' [15]"
"2","Parsed with column specification:
cols(
  Track = col_integer(),
  Length = col_double(),
  Distance = col_double(),
  `#Frames` = col_integer(),
  `1stFrame` = col_integer(),
  `time(s)` = col_double(),
  MaxSpeed = col_double(),
  AvgArea = col_double(),
  StdArea = col_double(),
  AvgPerim = col_double(),
  StdPerim = col_double(),
  AvgSpeed = col_double(),
  BLPS = col_double(),
  avgX = col_double(),
  avgX_1 = col_double()
)
"
"2","Duplicated column names deduplicated: 'avgX' => 'avgX_1' [15]"
"2","Parsed with column specification:
cols(
  Track = col_integer(),
  Length = col_double(),
  Distance = col_double(),
  `#Frames` = col_integer(),
  `1stFrame` = col_integer(),
  `time(s)` = col_double(),
  MaxSpeed = col_double(),
  AvgArea = col_double(),
  StdArea = col_double(),
  AvgPerim = col_double(),
  StdPerim = col_double(),
  AvgSpeed = col_double(),
  BLPS = col_double(),
  avgX = col_double(),
  avgX_1 = col_double()
)
"
"2","Duplicated column names deduplicated: 'avgX' => 'avgX_1' [15]"
"2","Parsed with column specification:
cols(
  Track = col_integer(),
  Length = col_double(),
  Distance = col_double(),
  `#Frames` = col_integer(),
  `1stFrame` = col_integer(),
  `time(s)` = col_double(),
  MaxSpeed = col_double(),
  AvgArea = col_double(),
  StdArea = col_double(),
  AvgPerim = col_double(),
  StdPerim = col_double(),
  AvgSpeed = col_double(),
  BLPS = col_double(),
  avgX = col_double(),
  avgX_1 = col_double()
)
"
"2","Duplicated column names deduplicated: 'avgX' => 'avgX_1' [15]"
"2","Parsed with column specification:
cols(
  Track = col_integer(),
  Length = col_double(),
  Distance = col_double(),
  `#Frames` = col_integer(),
  `1stFrame` = col_integer(),
  `time(s)` = col_double(),
  MaxSpeed = col_double(),
  AvgArea = col_double(),
  StdArea = col_double(),
  AvgPerim = col_double(),
  StdPerim = col_double(),
  AvgSpeed = col_double(),
  BLPS = col_double(),
  avgX = col_double(),
  avgX_1 = col_double()
)
"
"2","Duplicated column names deduplicated: 'avgX' => 'avgX_1' [15]"
"2","Parsed with column specification:
cols(
  Track = col_integer(),
  Length = col_double(),
  Distance = col_double(),
  `#Frames` = col_integer(),
  `1stFrame` = col_integer(),
  `time(s)` = col_double(),
  MaxSpeed = col_double(),
  AvgArea = col_double(),
  StdArea = col_double(),
  AvgPerim = col_double(),
  StdPerim = col_double(),
  AvgSpeed = col_double(),
  BLPS = col_double(),
  avgX = col_double(),
  avgX_1 = col_double()
)
"
"2","Duplicated column names deduplicated: 'avgX' => 'avgX_1' [15]"
"2","Parsed with column specification:
cols(
  Track = col_integer(),
  Length = col_double(),
  Distance = col_double(),
  `#Frames` = col_integer(),
  `1stFrame` = col_integer(),
  `time(s)` = col_double(),
  MaxSpeed = col_double(),
  AvgArea = col_double(),
  StdArea = col_double(),
  AvgPerim = col_double(),
  StdPerim = col_double(),
  AvgSpeed = col_double(),
  BLPS = col_double(),
  avgX = col_double(),
  avgX_1 = col_double()
)
"
"2","Duplicated column names deduplicated: 'avgX' => 'avgX_1' [15]"
"2","Parsed with column specification:
cols(
  Track = col_integer(),
  Length = col_double(),
  Distance = col_double(),
  `#Frames` = col_integer(),
  `1stFrame` = col_integer(),
  `time(s)` = col_double(),
  MaxSpeed = col_double(),
  AvgArea = col_double(),
  StdArea = col_double(),
  AvgPerim = col_double(),
  StdPerim = col_double(),
  AvgSpeed = col_double(),
  BLPS = col_double(),
  avgX = col_double(),
  avgX_1 = col_double()
)
"
"2","Duplicated column names deduplicated: 'avgX' => 'avgX_1' [15]"
"2","Parsed with column specification:
cols(
  Track = col_integer(),
  Length = col_double(),
  Distance = col_double(),
  `#Frames` = col_integer(),
  `1stFrame` = col_integer(),
  `time(s)` = col_double(),
  MaxSpeed = col_double(),
  AvgArea = col_double(),
  StdArea = col_double(),
  AvgPerim = col_double(),
  StdPerim = col_double(),
  AvgSpeed = col_double(),
  BLPS = col_double(),
  avgX = col_double(),
  avgX_1 = col_double()
)
"
"2","Duplicated column names deduplicated: 'avgX' => 'avgX_1' [15]"
"2","Parsed with column specification:
cols(
  Track = col_integer(),
  Length = col_double(),
  Distance = col_double(),
  `#Frames` = col_integer(),
  `1stFrame` = col_integer(),
  `time(s)` = col_double(),
  MaxSpeed = col_double(),
  AvgArea = col_double(),
  StdArea = col_double(),
  AvgPerim = col_double(),
  StdPerim = col_double(),
  AvgSpeed = col_double(),
  BLPS = col_double(),
  avgX = col_double(),
  avgX_1 = col_double()
)
"
"0","setwd(""/Users/brentscott/Documents/UMASS/Lab/R/data/Data for bin plots/eWT/6.8/pca5.5"")"
"0","ewt_6.8_5.5_dat <- mass_import(""ewt"", 6.8, 5.5, 8)"
"2","Duplicated column names deduplicated: 'avgX' => 'avgX_1' [15]"
"2","Parsed with column specification:
cols(
  Track = col_integer(),
  Length = col_double(),
  Distance = col_double(),
  `#Frames` = col_integer(),
  `1stFrame` = col_integer(),
  `time(s)` = col_double(),
  MaxSpeed = col_double(),
  AvgArea = col_double(),
  StdArea = col_double(),
  AvgPerim = col_double(),
  StdPerim = col_double(),
  AvgSpeed = col_double(),
  BLPS = col_double(),
  avgX = col_double(),
  avgX_1 = col_double()
)
"
"2","Duplicated column names deduplicated: 'avgX' => 'avgX_1' [15]"
"2","Parsed with column specification:
cols(
  Track = col_integer(),
  Length = col_double(),
  Distance = col_double(),
  `#Frames` = col_integer(),
  `1stFrame` = col_integer(),
  `time(s)` = col_double(),
  MaxSpeed = col_double(),
  AvgArea = col_double(),
  StdArea = col_double(),
  AvgPerim = col_double(),
  StdPerim = col_double(),
  AvgSpeed = col_double(),
  BLPS = col_double(),
  avgX = col_double(),
  avgX_1 = col_double()
)
"
"2","Duplicated column names deduplicated: 'avgX' => 'avgX_1' [15]"
"2","Parsed with column specification:
cols(
  Track = col_integer(),
  Length = col_double(),
  Distance = col_double(),
  `#Frames` = col_integer(),
  `1stFrame` = col_integer(),
  `time(s)` = col_double(),
  MaxSpeed = col_double(),
  AvgArea = col_double(),
  StdArea = col_double(),
  AvgPerim = col_double(),
  StdPerim = col_double(),
  AvgSpeed = col_double(),
  BLPS = col_double(),
  avgX = col_double(),
  avgX_1 = col_double()
)
"
"2","Duplicated column names deduplicated: 'avgX' => 'avgX_1' [15]"
"2","Parsed with column specification:
cols(
  Track = col_integer(),
  Length = col_double(),
  Distance = col_double(),
  `#Frames` = col_integer(),
  `1stFrame` = col_integer(),
  `time(s)` = col_double(),
  MaxSpeed = col_double(),
  AvgArea = col_double(),
  StdArea = col_double(),
  AvgPerim = col_double(),
  StdPerim = col_double(),
  AvgSpeed = col_double(),
  BLPS = col_double(),
  avgX = col_double(),
  avgX_1 = col_double()
)
"
"2","Duplicated column names deduplicated: 'avgX' => 'avgX_1' [15]"
"2","Parsed with column specification:
cols(
  Track = col_integer(),
  Length = col_double(),
  Distance = col_double(),
  `#Frames` = col_integer(),
  `1stFrame` = col_integer(),
  `time(s)` = col_double(),
  MaxSpeed = col_double(),
  AvgArea = col_double(),
  StdArea = col_double(),
  AvgPerim = col_double(),
  StdPerim = col_double(),
  AvgSpeed = col_double(),
  BLPS = col_double(),
  avgX = col_double(),
  avgX_1 = col_double()
)
"
"2","Duplicated column names deduplicated: 'avgX' => 'avgX_1' [15]"
"2","Parsed with column specification:
cols(
  Track = col_integer(),
  Length = col_double(),
  Distance = col_double(),
  `#Frames` = col_integer(),
  `1stFrame` = col_integer(),
  `time(s)` = col_double(),
  MaxSpeed = col_double(),
  AvgArea = col_double(),
  StdArea = col_double(),
  AvgPerim = col_double(),
  StdPerim = col_double(),
  AvgSpeed = col_double(),
  BLPS = col_double(),
  avgX = col_double(),
  avgX_1 = col_double()
)
"
"2","Duplicated column names deduplicated: 'avgX' => 'avgX_1' [15]"
"2","Parsed with column specification:
cols(
  Track = col_integer(),
  Length = col_double(),
  Distance = col_double(),
  `#Frames` = col_integer(),
  `1stFrame` = col_integer(),
  `time(s)` = col_double(),
  MaxSpeed = col_double(),
  AvgArea = col_double(),
  StdArea = col_double(),
  AvgPerim = col_double(),
  StdPerim = col_double(),
  AvgSpeed = col_double(),
  BLPS = col_double(),
  avgX = col_double(),
  avgX_1 = col_double()
)
"
"2","Duplicated column names deduplicated: 'avgX' => 'avgX_1' [15]"
"2","Parsed with column specification:
cols(
  Track = col_integer(),
  Length = col_double(),
  Distance = col_double(),
  `#Frames` = col_integer(),
  `1stFrame` = col_integer(),
  `time(s)` = col_double(),
  MaxSpeed = col_double(),
  AvgArea = col_double(),
  StdArea = col_double(),
  AvgPerim = col_double(),
  StdPerim = col_double(),
  AvgSpeed = col_double(),
  BLPS = col_double(),
  avgX = col_double(),
  avgX_1 = col_double()
)
"
"0","setwd(""/Users/brentscott/Documents/UMASS/Lab/R/data/Data for bin plots/eWT/6.8/pca6"")"
"0","ewt_6.8_6_dat <- mass_import(""ewt"", 6.8, 6, 16)"
"2","Duplicated column names deduplicated: 'avgX' => 'avgX_1' [15]"
"2","Parsed with column specification:
cols(
  Track = col_integer(),
  Length = col_double(),
  Distance = col_double(),
  `#Frames` = col_integer(),
  `1stFrame` = col_integer(),
  `time(s)` = col_double(),
  MaxSpeed = col_double(),
  AvgArea = col_double(),
  StdArea = col_double(),
  AvgPerim = col_double(),
  StdPerim = col_double(),
  AvgSpeed = col_double(),
  BLPS = col_double(),
  avgX = col_double(),
  avgX_1 = col_double()
)
"
"2","Duplicated column names deduplicated: 'avgX' => 'avgX_1' [15]"
"2","Parsed with column specification:
cols(
  Track = col_integer(),
  Length = col_double(),
  Distance = col_double(),
  `#Frames` = col_integer(),
  `1stFrame` = col_integer(),
  `time(s)` = col_double(),
  MaxSpeed = col_double(),
  AvgArea = col_double(),
  StdArea = col_double(),
  AvgPerim = col_double(),
  StdPerim = col_double(),
  AvgSpeed = col_double(),
  BLPS = col_double(),
  avgX = col_double(),
  avgX_1 = col_double()
)
"
"2","Duplicated column names deduplicated: 'avgX' => 'avgX_1' [15]"
"2","Parsed with column specification:
cols(
  Track = col_integer(),
  Length = col_double(),
  Distance = col_double(),
  `#Frames` = col_integer(),
  `1stFrame` = col_integer(),
  `time(s)` = col_double(),
  MaxSpeed = col_double(),
  AvgArea = col_double(),
  StdArea = col_double(),
  AvgPerim = col_double(),
  StdPerim = col_double(),
  AvgSpeed = col_double(),
  BLPS = col_double(),
  avgX = col_double(),
  avgX_1 = col_double()
)
"
"2","Duplicated column names deduplicated: 'avgX' => 'avgX_1' [15]"
"2","Parsed with column specification:
cols(
  Track = col_integer(),
  Length = col_double(),
  Distance = col_double(),
  `#Frames` = col_integer(),
  `1stFrame` = col_integer(),
  `time(s)` = col_double(),
  MaxSpeed = col_double(),
  AvgArea = col_double(),
  StdArea = col_double(),
  AvgPerim = col_double(),
  StdPerim = col_double(),
  AvgSpeed = col_double(),
  BLPS = col_double(),
  avgX = col_double(),
  avgX_1 = col_double()
)
"
"2","Duplicated column names deduplicated: 'avgX' => 'avgX_1' [15]"
"2","Parsed with column specification:
cols(
  Track = col_integer(),
  Length = col_double(),
  Distance = col_double(),
  `#Frames` = col_integer(),
  `1stFrame` = col_integer(),
  `time(s)` = col_double(),
  MaxSpeed = col_double(),
  AvgArea = col_double(),
  StdArea = col_double(),
  AvgPerim = col_double(),
  StdPerim = col_double(),
  AvgSpeed = col_double(),
  BLPS = col_double(),
  avgX = col_double(),
  avgX_1 = col_double()
)
"
"2","Duplicated column names deduplicated: 'avgX' => 'avgX_1' [15]"
"2","Parsed with column specification:
cols(
  Track = col_integer(),
  Length = col_double(),
  Distance = col_double(),
  `#Frames` = col_integer(),
  `1stFrame` = col_integer(),
  `time(s)` = col_double(),
  MaxSpeed = col_double(),
  AvgArea = col_double(),
  StdArea = col_double(),
  AvgPerim = col_double(),
  StdPerim = col_double(),
  AvgSpeed = col_double(),
  BLPS = col_double(),
  avgX = col_double(),
  avgX_1 = col_double()
)
"
"2","Duplicated column names deduplicated: 'avgX' => 'avgX_1' [15]"
"2","Parsed with column specification:
cols(
  Track = col_integer(),
  Length = col_double(),
  Distance = col_double(),
  `#Frames` = col_integer(),
  `1stFrame` = col_integer(),
  `time(s)` = col_double(),
  MaxSpeed = col_double(),
  AvgArea = col_double(),
  StdArea = col_double(),
  AvgPerim = col_double(),
  StdPerim = col_double(),
  AvgSpeed = col_double(),
  BLPS = col_double(),
  avgX = col_double(),
  avgX_1 = col_double()
)
"
"2","Duplicated column names deduplicated: 'avgX' => 'avgX_1' [15]"
"2","Parsed with column specification:
cols(
  Track = col_integer(),
  Length = col_double(),
  Distance = col_double(),
  `#Frames` = col_integer(),
  `1stFrame` = col_integer(),
  `time(s)` = col_double(),
  MaxSpeed = col_double(),
  AvgArea = col_double(),
  StdArea = col_double(),
  AvgPerim = col_double(),
  StdPerim = col_double(),
  AvgSpeed = col_double(),
  BLPS = col_double(),
  avgX = col_double(),
  avgX_1 = col_double()
)
"
"2","Duplicated column names deduplicated: 'avgX' => 'avgX_1' [15]"
"2","Parsed with column specification:
cols(
  Track = col_integer(),
  Length = col_double(),
  Distance = col_double(),
  `#Frames` = col_integer(),
  `1stFrame` = col_integer(),
  `time(s)` = col_double(),
  MaxSpeed = col_double(),
  AvgArea = col_double(),
  StdArea = col_double(),
  AvgPerim = col_double(),
  StdPerim = col_double(),
  AvgSpeed = col_double(),
  BLPS = col_double(),
  avgX = col_double(),
  avgX_1 = col_double()
)
"
"2","Duplicated column names deduplicated: 'avgX' => 'avgX_1' [15]"
"2","Parsed with column specification:
cols(
  Track = col_integer(),
  Length = col_double(),
  Distance = col_double(),
  `#Frames` = col_integer(),
  `1stFrame` = col_integer(),
  `time(s)` = col_double(),
  MaxSpeed = col_double(),
  AvgArea = col_double(),
  StdArea = col_double(),
  AvgPerim = col_double(),
  StdPerim = col_double(),
  AvgSpeed = col_double(),
  BLPS = col_double(),
  avgX = col_double(),
  avgX_1 = col_double()
)
"
"2","Duplicated column names deduplicated: 'avgX' => 'avgX_1' [15]"
"2","Parsed with column specification:
cols(
  Track = col_integer(),
  Length = col_double(),
  Distance = col_double(),
  `#Frames` = col_integer(),
  `1stFrame` = col_integer(),
  `time(s)` = col_double(),
  MaxSpeed = col_double(),
  AvgArea = col_double(),
  StdArea = col_double(),
  AvgPerim = col_double(),
  StdPerim = col_double(),
  AvgSpeed = col_double(),
  BLPS = col_double(),
  avgX = col_double(),
  avgX_1 = col_double()
)
"
"2","Duplicated column names deduplicated: 'avgX' => 'avgX_1' [15]"
"2","Parsed with column specification:
cols(
  Track = col_integer(),
  Length = col_double(),
  Distance = col_double(),
  `#Frames` = col_integer(),
  `1stFrame` = col_integer(),
  `time(s)` = col_double(),
  MaxSpeed = col_double(),
  AvgArea = col_double(),
  StdArea = col_double(),
  AvgPerim = col_double(),
  StdPerim = col_double(),
  AvgSpeed = col_double(),
  BLPS = col_double(),
  avgX = col_double(),
  avgX_1 = col_double()
)
"
"2","Duplicated column names deduplicated: 'avgX' => 'avgX_1' [15]"
"2","Parsed with column specification:
cols(
  Track = col_integer(),
  Length = col_double(),
  Distance = col_double(),
  `#Frames` = col_integer(),
  `1stFrame` = col_integer(),
  `time(s)` = col_double(),
  MaxSpeed = col_double(),
  AvgArea = col_double(),
  StdArea = col_double(),
  AvgPerim = col_double(),
  StdPerim = col_double(),
  AvgSpeed = col_double(),
  BLPS = col_double(),
  avgX = col_double(),
  avgX_1 = col_double()
)
"
"2","Duplicated column names deduplicated: 'avgX' => 'avgX_1' [15]"
"2","Parsed with column specification:
cols(
  Track = col_integer(),
  Length = col_double(),
  Distance = col_double(),
  `#Frames` = col_integer(),
  `1stFrame` = col_integer(),
  `time(s)` = col_double(),
  MaxSpeed = col_double(),
  AvgArea = col_double(),
  StdArea = col_double(),
  AvgPerim = col_double(),
  StdPerim = col_double(),
  AvgSpeed = col_double(),
  BLPS = col_double(),
  avgX = col_double(),
  avgX_1 = col_double()
)
"
"2","Duplicated column names deduplicated: 'avgX' => 'avgX_1' [15]"
"2","Parsed with column specification:
cols(
  Track = col_integer(),
  Length = col_double(),
  Distance = col_double(),
  `#Frames` = col_integer(),
  `1stFrame` = col_integer(),
  `time(s)` = col_double(),
  MaxSpeed = col_double(),
  AvgArea = col_double(),
  StdArea = col_double(),
  AvgPerim = col_double(),
  StdPerim = col_double(),
  AvgSpeed = col_double(),
  BLPS = col_double(),
  avgX = col_double(),
  avgX_1 = col_double()
)
"
"2","Duplicated column names deduplicated: 'avgX' => 'avgX_1' [15]"
"2","Parsed with column specification:
cols(
  Track = col_integer(),
  Length = col_double(),
  Distance = col_double(),
  `#Frames` = col_integer(),
  `1stFrame` = col_integer(),
  `time(s)` = col_double(),
  MaxSpeed = col_double(),
  AvgArea = col_double(),
  StdArea = col_double(),
  AvgPerim = col_double(),
  StdPerim = col_double(),
  AvgSpeed = col_double(),
  BLPS = col_double(),
  avgX = col_double(),
  avgX_1 = col_double()
)
"
"0","setwd(""/Users/brentscott/Documents/UMASS/Lab/R/data/Data for bin plots/eWT/6.8/pca6.5"")"
"0","ewt_6.8_6.5_dat <- mass_import(""ewt"", 6.8, 6.5, 12)"
"2","Duplicated column names deduplicated: 'avgX' => 'avgX_1' [15]"
"2","Parsed with column specification:
cols(
  Track = col_integer(),
  Length = col_double(),
  Distance = col_double(),
  `#Frames` = col_integer(),
  `1stFrame` = col_integer(),
  `time(s)` = col_double(),
  MaxSpeed = col_double(),
  AvgArea = col_double(),
  StdArea = col_double(),
  AvgPerim = col_double(),
  StdPerim = col_double(),
  AvgSpeed = col_double(),
  BLPS = col_double(),
  avgX = col_double(),
  avgX_1 = col_double()
)
"
"2","Duplicated column names deduplicated: 'avgX' => 'avgX_1' [15]"
"2","Parsed with column specification:
cols(
  Track = col_integer(),
  Length = col_double(),
  Distance = col_double(),
  `#Frames` = col_integer(),
  `1stFrame` = col_integer(),
  `time(s)` = col_double(),
  MaxSpeed = col_double(),
  AvgArea = col_double(),
  StdArea = col_double(),
  AvgPerim = col_double(),
  StdPerim = col_double(),
  AvgSpeed = col_double(),
  BLPS = col_double(),
  avgX = col_double(),
  avgX_1 = col_double()
)
"
"2","Duplicated column names deduplicated: 'avgX' => 'avgX_1' [15]"
"2","Parsed with column specification:
cols(
  Track = col_integer(),
  Length = col_double(),
  Distance = col_double(),
  `#Frames` = col_integer(),
  `1stFrame` = col_integer(),
  `time(s)` = col_double(),
  MaxSpeed = col_double(),
  AvgArea = col_double(),
  StdArea = col_double(),
  AvgPerim = col_double(),
  StdPerim = col_double(),
  AvgSpeed = col_double(),
  BLPS = col_double(),
  avgX = col_double(),
  avgX_1 = col_double()
)
"
"2","Duplicated column names deduplicated: 'avgX' => 'avgX_1' [15]"
"2","Parsed with column specification:
cols(
  Track = col_integer(),
  Length = col_double(),
  Distance = col_double(),
  `#Frames` = col_integer(),
  `1stFrame` = col_integer(),
  `time(s)` = col_double(),
  MaxSpeed = col_double(),
  AvgArea = col_double(),
  StdArea = col_double(),
  AvgPerim = col_double(),
  StdPerim = col_double(),
  AvgSpeed = col_double(),
  BLPS = col_double(),
  avgX = col_double(),
  avgX_1 = col_double()
)
"
"2","Duplicated column names deduplicated: 'avgX' => 'avgX_1' [15]"
"2","Parsed with column specification:
cols(
  Track = col_integer(),
  Length = col_double(),
  Distance = col_double(),
  `#Frames` = col_integer(),
  `1stFrame` = col_integer(),
  `time(s)` = col_double(),
  MaxSpeed = col_double(),
  AvgArea = col_double(),
  StdArea = col_double(),
  AvgPerim = col_double(),
  StdPerim = col_double(),
  AvgSpeed = col_double(),
  BLPS = col_double(),
  avgX = col_double(),
  avgX_1 = col_double()
)
"
"2","Duplicated column names deduplicated: 'avgX' => 'avgX_1' [15]"
"2","Parsed with column specification:
cols(
  Track = col_integer(),
  Length = col_double(),
  Distance = col_double(),
  `#Frames` = col_integer(),
  `1stFrame` = col_integer(),
  `time(s)` = col_double(),
  MaxSpeed = col_double(),
  AvgArea = col_double(),
  StdArea = col_double(),
  AvgPerim = col_double(),
  StdPerim = col_double(),
  AvgSpeed = col_double(),
  BLPS = col_double(),
  avgX = col_double(),
  avgX_1 = col_double()
)
"
"2","Duplicated column names deduplicated: 'avgX' => 'avgX_1' [15]"
"2","Parsed with column specification:
cols(
  Track = col_integer(),
  Length = col_double(),
  Distance = col_double(),
  `#Frames` = col_integer(),
  `1stFrame` = col_integer(),
  `time(s)` = col_double(),
  MaxSpeed = col_double(),
  AvgArea = col_double(),
  StdArea = col_double(),
  AvgPerim = col_double(),
  StdPerim = col_double(),
  AvgSpeed = col_double(),
  BLPS = col_double(),
  avgX = col_double(),
  avgX_1 = col_double()
)
"
"2","Duplicated column names deduplicated: 'avgX' => 'avgX_1' [15]"
"2","Parsed with column specification:
cols(
  Track = col_integer(),
  Length = col_double(),
  Distance = col_double(),
  `#Frames` = col_integer(),
  `1stFrame` = col_integer(),
  `time(s)` = col_double(),
  MaxSpeed = col_double(),
  AvgArea = col_double(),
  StdArea = col_double(),
  AvgPerim = col_double(),
  StdPerim = col_double(),
  AvgSpeed = col_double(),
  BLPS = col_double(),
  avgX = col_double(),
  avgX_1 = col_double()
)
"
"2","Duplicated column names deduplicated: 'avgX' => 'avgX_1' [15]"
"2","Parsed with column specification:
cols(
  Track = col_integer(),
  Length = col_double(),
  Distance = col_double(),
  `#Frames` = col_integer(),
  `1stFrame` = col_integer(),
  `time(s)` = col_double(),
  MaxSpeed = col_double(),
  AvgArea = col_double(),
  StdArea = col_double(),
  AvgPerim = col_double(),
  StdPerim = col_double(),
  AvgSpeed = col_double(),
  BLPS = col_double(),
  avgX = col_double(),
  avgX_1 = col_double()
)
"
"2","Duplicated column names deduplicated: 'avgX' => 'avgX_1' [15]"
"2","Parsed with column specification:
cols(
  Track = col_integer(),
  Length = col_double(),
  Distance = col_double(),
  `#Frames` = col_integer(),
  `1stFrame` = col_integer(),
  `time(s)` = col_double(),
  MaxSpeed = col_double(),
  AvgArea = col_double(),
  StdArea = col_double(),
  AvgPerim = col_double(),
  StdPerim = col_double(),
  AvgSpeed = col_double(),
  BLPS = col_double(),
  avgX = col_double(),
  avgX_1 = col_double()
)
"
"2","Duplicated column names deduplicated: 'avgX' => 'avgX_1' [15]"
"2","Parsed with column specification:
cols(
  Track = col_integer(),
  Length = col_double(),
  Distance = col_double(),
  `#Frames` = col_integer(),
  `1stFrame` = col_integer(),
  `time(s)` = col_double(),
  MaxSpeed = col_double(),
  AvgArea = col_double(),
  StdArea = col_double(),
  AvgPerim = col_double(),
  StdPerim = col_double(),
  AvgSpeed = col_double(),
  BLPS = col_double(),
  avgX = col_double(),
  avgX_1 = col_double()
)
"
"2","Duplicated column names deduplicated: 'avgX' => 'avgX_1' [15]"
"2","Parsed with column specification:
cols(
  Track = col_integer(),
  Length = col_double(),
  Distance = col_double(),
  `#Frames` = col_integer(),
  `1stFrame` = col_integer(),
  `time(s)` = col_double(),
  MaxSpeed = col_double(),
  AvgArea = col_double(),
  StdArea = col_double(),
  AvgPerim = col_double(),
  StdPerim = col_double(),
  AvgSpeed = col_double(),
  BLPS = col_double(),
  avgX = col_double(),
  avgX_1 = col_double()
)
"
"0","setwd(""/Users/brentscott/Documents/UMASS/Lab/R/data/Data for bin plots/eWT/6.8/pca7"")"
"0","ewt_6.8_7_dat <- mass_import(""ewt"", 6.8, 7, 15)"
"2","Duplicated column names deduplicated: 'avgX' => 'avgX_1' [15]"
"2","Parsed with column specification:
cols(
  Track = col_integer(),
  Length = col_double(),
  Distance = col_double(),
  `#Frames` = col_integer(),
  `1stFrame` = col_integer(),
  `time(s)` = col_double(),
  MaxSpeed = col_double(),
  AvgArea = col_double(),
  StdArea = col_double(),
  AvgPerim = col_double(),
  StdPerim = col_double(),
  AvgSpeed = col_double(),
  BLPS = col_double(),
  avgX = col_double(),
  avgX_1 = col_double()
)
"
"2","Duplicated column names deduplicated: 'avgX' => 'avgX_1' [15]"
"2","Parsed with column specification:
cols(
  Track = col_integer(),
  Length = col_double(),
  Distance = col_double(),
  `#Frames` = col_integer(),
  `1stFrame` = col_integer(),
  `time(s)` = col_double(),
  MaxSpeed = col_double(),
  AvgArea = col_double(),
  StdArea = col_double(),
  AvgPerim = col_double(),
  StdPerim = col_double(),
  AvgSpeed = col_double(),
  BLPS = col_double(),
  avgX = col_double(),
  avgX_1 = col_double()
)
"
"2","Duplicated column names deduplicated: 'avgX' => 'avgX_1' [15]"
"2","Parsed with column specification:
cols(
  Track = col_integer(),
  Length = col_double(),
  Distance = col_double(),
  `#Frames` = col_integer(),
  `1stFrame` = col_integer(),
  `time(s)` = col_double(),
  MaxSpeed = col_double(),
  AvgArea = col_double(),
  StdArea = col_double(),
  AvgPerim = col_double(),
  StdPerim = col_double(),
  AvgSpeed = col_double(),
  BLPS = col_double(),
  avgX = col_double(),
  avgX_1 = col_double()
)
"
"2","Duplicated column names deduplicated: 'avgX' => 'avgX_1' [15]"
"2","Parsed with column specification:
cols(
  Track = col_integer(),
  Length = col_double(),
  Distance = col_double(),
  `#Frames` = col_integer(),
  `1stFrame` = col_integer(),
  `time(s)` = col_double(),
  MaxSpeed = col_double(),
  AvgArea = col_double(),
  StdArea = col_double(),
  AvgPerim = col_double(),
  StdPerim = col_double(),
  AvgSpeed = col_double(),
  BLPS = col_double(),
  avgX = col_double(),
  avgX_1 = col_double()
)
"
"2","Duplicated column names deduplicated: 'avgX' => 'avgX_1' [15]"
"2","Parsed with column specification:
cols(
  Track = col_integer(),
  Length = col_double(),
  Distance = col_double(),
  `#Frames` = col_integer(),
  `1stFrame` = col_integer(),
  `time(s)` = col_double(),
  MaxSpeed = col_double(),
  AvgArea = col_double(),
  StdArea = col_double(),
  AvgPerim = col_double(),
  StdPerim = col_double(),
  AvgSpeed = col_double(),
  BLPS = col_double(),
  avgX = col_double(),
  avgX_1 = col_double()
)
"
"2","Duplicated column names deduplicated: 'avgX' => 'avgX_1' [15]"
"2","Parsed with column specification:
cols(
  Track = col_integer(),
  Length = col_double(),
  Distance = col_double(),
  `#Frames` = col_integer(),
  `1stFrame` = col_integer(),
  `time(s)` = col_double(),
  MaxSpeed = col_double(),
  AvgArea = col_double(),
  StdArea = col_double(),
  AvgPerim = col_double(),
  StdPerim = col_double(),
  AvgSpeed = col_double(),
  BLPS = col_double(),
  avgX = col_double(),
  avgX_1 = col_double()
)
"
"2","Duplicated column names deduplicated: 'avgX' => 'avgX_1' [15]"
"2","Parsed with column specification:
cols(
  Track = col_integer(),
  Length = col_double(),
  Distance = col_double(),
  `#Frames` = col_integer(),
  `1stFrame` = col_integer(),
  `time(s)` = col_double(),
  MaxSpeed = col_double(),
  AvgArea = col_double(),
  StdArea = col_double(),
  AvgPerim = col_double(),
  StdPerim = col_double(),
  AvgSpeed = col_double(),
  BLPS = col_double(),
  avgX = col_double(),
  avgX_1 = col_double()
)
"
"2","Duplicated column names deduplicated: 'avgX' => 'avgX_1' [15]"
"2","Parsed with column specification:
cols(
  Track = col_integer(),
  Length = col_double(),
  Distance = col_double(),
  `#Frames` = col_integer(),
  `1stFrame` = col_integer(),
  `time(s)` = col_double(),
  MaxSpeed = col_double(),
  AvgArea = col_double(),
  StdArea = col_double(),
  AvgPerim = col_double(),
  StdPerim = col_double(),
  AvgSpeed = col_double(),
  BLPS = col_double(),
  avgX = col_double(),
  avgX_1 = col_double()
)
"
"2","Duplicated column names deduplicated: 'avgX' => 'avgX_1' [15]"
"2","Parsed with column specification:
cols(
  Track = col_integer(),
  Length = col_double(),
  Distance = col_double(),
  `#Frames` = col_integer(),
  `1stFrame` = col_integer(),
  `time(s)` = col_double(),
  MaxSpeed = col_double(),
  AvgArea = col_double(),
  StdArea = col_double(),
  AvgPerim = col_double(),
  StdPerim = col_double(),
  AvgSpeed = col_double(),
  BLPS = col_double(),
  avgX = col_double(),
  avgX_1 = col_double()
)
"
"2","Duplicated column names deduplicated: 'avgX' => 'avgX_1' [15]"
"2","Parsed with column specification:
cols(
  Track = col_integer(),
  Length = col_double(),
  Distance = col_double(),
  `#Frames` = col_integer(),
  `1stFrame` = col_integer(),
  `time(s)` = col_double(),
  MaxSpeed = col_double(),
  AvgArea = col_double(),
  StdArea = col_double(),
  AvgPerim = col_double(),
  StdPerim = col_double(),
  AvgSpeed = col_double(),
  BLPS = col_double(),
  avgX = col_double(),
  avgX_1 = col_double()
)
"
"2","Duplicated column names deduplicated: 'avgX' => 'avgX_1' [15]"
"2","Parsed with column specification:
cols(
  Track = col_integer(),
  Length = col_double(),
  Distance = col_double(),
  `#Frames` = col_integer(),
  `1stFrame` = col_integer(),
  `time(s)` = col_double(),
  MaxSpeed = col_double(),
  AvgArea = col_double(),
  StdArea = col_double(),
  AvgPerim = col_double(),
  StdPerim = col_double(),
  AvgSpeed = col_double(),
  BLPS = col_double(),
  avgX = col_double(),
  avgX_1 = col_double()
)
"
"2","Duplicated column names deduplicated: 'avgX' => 'avgX_1' [15]"
"2","Parsed with column specification:
cols(
  Track = col_integer(),
  Length = col_double(),
  Distance = col_double(),
  `#Frames` = col_integer(),
  `1stFrame` = col_integer(),
  `time(s)` = col_double(),
  MaxSpeed = col_double(),
  AvgArea = col_double(),
  StdArea = col_double(),
  AvgPerim = col_double(),
  StdPerim = col_double(),
  AvgSpeed = col_double(),
  BLPS = col_double(),
  avgX = col_double(),
  avgX_1 = col_double()
)
"
"2","Duplicated column names deduplicated: 'avgX' => 'avgX_1' [15]"
"2","Parsed with column specification:
cols(
  Track = col_integer(),
  Length = col_double(),
  Distance = col_double(),
  `#Frames` = col_integer(),
  `1stFrame` = col_integer(),
  `time(s)` = col_double(),
  MaxSpeed = col_double(),
  AvgArea = col_double(),
  StdArea = col_double(),
  AvgPerim = col_double(),
  StdPerim = col_double(),
  AvgSpeed = col_double(),
  BLPS = col_double(),
  avgX = col_double(),
  avgX_1 = col_double()
)
"
"2","Duplicated column names deduplicated: 'avgX' => 'avgX_1' [15]"
"2","Parsed with column specification:
cols(
  Track = col_integer(),
  Length = col_double(),
  Distance = col_double(),
  `#Frames` = col_integer(),
  `1stFrame` = col_integer(),
  `time(s)` = col_double(),
  MaxSpeed = col_double(),
  AvgArea = col_double(),
  StdArea = col_double(),
  AvgPerim = col_double(),
  StdPerim = col_double(),
  AvgSpeed = col_double(),
  BLPS = col_double(),
  avgX = col_double(),
  avgX_1 = col_double()
)
"
"2","Duplicated column names deduplicated: 'avgX' => 'avgX_1' [15]"
"2","Parsed with column specification:
cols(
  Track = col_integer(),
  Length = col_double(),
  Distance = col_double(),
  `#Frames` = col_integer(),
  `1stFrame` = col_integer(),
  `time(s)` = col_double(),
  MaxSpeed = col_double(),
  AvgArea = col_double(),
  StdArea = col_double(),
  AvgPerim = col_double(),
  StdPerim = col_double(),
  AvgSpeed = col_double(),
  BLPS = col_double(),
  avgX = col_double(),
  avgX_1 = col_double()
)
"
"0","setwd(""/Users/brentscott/Documents/UMASS/Lab/R/data/Data for bin plots/eWT/6.8/pca10"")"
"0","ewt_6.8_10_dat <- mass_import(""ewt"", 6.8, 10, 15)"
"2","Duplicated column names deduplicated: 'avgX' => 'avgX_1' [15]"
"2","Parsed with column specification:
cols(
  Track = col_integer(),
  Length = col_double(),
  Distance = col_double(),
  `#Frames` = col_integer(),
  `1stFrame` = col_integer(),
  `time(s)` = col_double(),
  MaxSpeed = col_double(),
  AvgArea = col_double(),
  StdArea = col_double(),
  AvgPerim = col_double(),
  StdPerim = col_double(),
  AvgSpeed = col_double(),
  BLPS = col_double(),
  avgX = col_double(),
  avgX_1 = col_double()
)
"
"2","Duplicated column names deduplicated: 'avgX' => 'avgX_1' [15]"
"2","Parsed with column specification:
cols(
  Track = col_integer(),
  Length = col_double(),
  Distance = col_double(),
  `#Frames` = col_integer(),
  `1stFrame` = col_integer(),
  `time(s)` = col_double(),
  MaxSpeed = col_double(),
  AvgArea = col_double(),
  StdArea = col_double(),
  AvgPerim = col_double(),
  StdPerim = col_double(),
  AvgSpeed = col_double(),
  BLPS = col_double(),
  avgX = col_double(),
  avgX_1 = col_double()
)
"
"2","Duplicated column names deduplicated: 'avgX' => 'avgX_1' [15]"
"2","Parsed with column specification:
cols(
  Track = col_integer(),
  Length = col_double(),
  Distance = col_double(),
  `#Frames` = col_integer(),
  `1stFrame` = col_integer(),
  `time(s)` = col_double(),
  MaxSpeed = col_double(),
  AvgArea = col_double(),
  StdArea = col_double(),
  AvgPerim = col_double(),
  StdPerim = col_double(),
  AvgSpeed = col_double(),
  BLPS = col_double(),
  avgX = col_double(),
  avgX_1 = col_double()
)
"
"2","Duplicated column names deduplicated: 'avgX' => 'avgX_1' [15]"
"2","Parsed with column specification:
cols(
  Track = col_integer(),
  Length = col_double(),
  Distance = col_double(),
  `#Frames` = col_integer(),
  `1stFrame` = col_integer(),
  `time(s)` = col_double(),
  MaxSpeed = col_double(),
  AvgArea = col_double(),
  StdArea = col_double(),
  AvgPerim = col_double(),
  StdPerim = col_double(),
  AvgSpeed = col_double(),
  BLPS = col_double(),
  avgX = col_double(),
  avgX_1 = col_double()
)
"
"2","Duplicated column names deduplicated: 'avgX' => 'avgX_1' [15]"
"2","Parsed with column specification:
cols(
  Track = col_integer(),
  Length = col_double(),
  Distance = col_double(),
  `#Frames` = col_integer(),
  `1stFrame` = col_integer(),
  `time(s)` = col_double(),
  MaxSpeed = col_double(),
  AvgArea = col_double(),
  StdArea = col_double(),
  AvgPerim = col_double(),
  StdPerim = col_double(),
  AvgSpeed = col_double(),
  BLPS = col_double(),
  avgX = col_double(),
  avgX_1 = col_double()
)
"
"2","Duplicated column names deduplicated: 'avgX' => 'avgX_1' [15]"
"2","Parsed with column specification:
cols(
  Track = col_integer(),
  Length = col_double(),
  Distance = col_double(),
  `#Frames` = col_integer(),
  `1stFrame` = col_integer(),
  `time(s)` = col_double(),
  MaxSpeed = col_double(),
  AvgArea = col_double(),
  StdArea = col_double(),
  AvgPerim = col_double(),
  StdPerim = col_double(),
  AvgSpeed = col_double(),
  BLPS = col_double(),
  avgX = col_double(),
  avgX_1 = col_double()
)
"
"2","Duplicated column names deduplicated: 'avgX' => 'avgX_1' [15]"
"2","Parsed with column specification:
cols(
  Track = col_integer(),
  Length = col_double(),
  Distance = col_double(),
  `#Frames` = col_integer(),
  `1stFrame` = col_integer(),
  `time(s)` = col_double(),
  MaxSpeed = col_double(),
  AvgArea = col_double(),
  StdArea = col_double(),
  AvgPerim = col_double(),
  StdPerim = col_double(),
  AvgSpeed = col_double(),
  BLPS = col_double(),
  avgX = col_double(),
  avgX_1 = col_double()
)
"
"2","Duplicated column names deduplicated: 'avgX' => 'avgX_1' [15]"
"2","Parsed with column specification:
cols(
  Track = col_integer(),
  Length = col_double(),
  Distance = col_double(),
  `#Frames` = col_integer(),
  `1stFrame` = col_integer(),
  `time(s)` = col_double(),
  MaxSpeed = col_double(),
  AvgArea = col_double(),
  StdArea = col_double(),
  AvgPerim = col_double(),
  StdPerim = col_double(),
  AvgSpeed = col_double(),
  BLPS = col_double(),
  avgX = col_double(),
  avgX_1 = col_double()
)
"
"2","Duplicated column names deduplicated: 'avgX' => 'avgX_1' [15]"
"2","Parsed with column specification:
cols(
  Track = col_integer(),
  Length = col_double(),
  Distance = col_double(),
  `#Frames` = col_integer(),
  `1stFrame` = col_integer(),
  `time(s)` = col_double(),
  MaxSpeed = col_double(),
  AvgArea = col_double(),
  StdArea = col_double(),
  AvgPerim = col_double(),
  StdPerim = col_double(),
  AvgSpeed = col_double(),
  BLPS = col_double(),
  avgX = col_double(),
  avgX_1 = col_double()
)
"
"2","Duplicated column names deduplicated: 'avgX' => 'avgX_1' [15]"
"2","Parsed with column specification:
cols(
  Track = col_integer(),
  Length = col_double(),
  Distance = col_double(),
  `#Frames` = col_integer(),
  `1stFrame` = col_integer(),
  `time(s)` = col_double(),
  MaxSpeed = col_double(),
  AvgArea = col_double(),
  StdArea = col_double(),
  AvgPerim = col_double(),
  StdPerim = col_double(),
  AvgSpeed = col_double(),
  BLPS = col_double(),
  avgX = col_double(),
  avgX_1 = col_double()
)
"
"2","Duplicated column names deduplicated: 'avgX' => 'avgX_1' [15]"
"2","Parsed with column specification:
cols(
  Track = col_integer(),
  Length = col_double(),
  Distance = col_double(),
  `#Frames` = col_integer(),
  `1stFrame` = col_integer(),
  `time(s)` = col_double(),
  MaxSpeed = col_double(),
  AvgArea = col_double(),
  StdArea = col_double(),
  AvgPerim = col_double(),
  StdPerim = col_double(),
  AvgSpeed = col_double(),
  BLPS = col_double(),
  avgX = col_double(),
  avgX_1 = col_double()
)
"
"2","Duplicated column names deduplicated: 'avgX' => 'avgX_1' [15]"
"2","Parsed with column specification:
cols(
  Track = col_integer(),
  Length = col_double(),
  Distance = col_double(),
  `#Frames` = col_integer(),
  `1stFrame` = col_integer(),
  `time(s)` = col_double(),
  MaxSpeed = col_double(),
  AvgArea = col_double(),
  StdArea = col_double(),
  AvgPerim = col_double(),
  StdPerim = col_double(),
  AvgSpeed = col_double(),
  BLPS = col_double(),
  avgX = col_double(),
  avgX_1 = col_double()
)
"
"2","Duplicated column names deduplicated: 'avgX' => 'avgX_1' [15]"
"2","Parsed with column specification:
cols(
  Track = col_integer(),
  Length = col_double(),
  Distance = col_double(),
  `#Frames` = col_integer(),
  `1stFrame` = col_integer(),
  `time(s)` = col_double(),
  MaxSpeed = col_double(),
  AvgArea = col_double(),
  StdArea = col_double(),
  AvgPerim = col_double(),
  StdPerim = col_double(),
  AvgSpeed = col_double(),
  BLPS = col_double(),
  avgX = col_double(),
  avgX_1 = col_double()
)
"
"2","Duplicated column names deduplicated: 'avgX' => 'avgX_1' [15]"
"2","Parsed with column specification:
cols(
  Track = col_integer(),
  Length = col_double(),
  Distance = col_double(),
  `#Frames` = col_integer(),
  `1stFrame` = col_integer(),
  `time(s)` = col_double(),
  MaxSpeed = col_double(),
  AvgArea = col_double(),
  StdArea = col_double(),
  AvgPerim = col_double(),
  StdPerim = col_double(),
  AvgSpeed = col_double(),
  BLPS = col_double(),
  avgX = col_double(),
  avgX_1 = col_double()
)
"
"2","Duplicated column names deduplicated: 'avgX' => 'avgX_1' [15]"
"2","Parsed with column specification:
cols(
  Track = col_integer(),
  Length = col_double(),
  Distance = col_double(),
  `#Frames` = col_integer(),
  `1stFrame` = col_integer(),
  `time(s)` = col_double(),
  MaxSpeed = col_double(),
  AvgArea = col_double(),
  StdArea = col_double(),
  AvgPerim = col_double(),
  StdPerim = col_double(),
  AvgSpeed = col_double(),
  BLPS = col_double(),
  avgX = col_double(),
  avgX_1 = col_double()
)
"
"0","#stack all data"
"0","ewt_6.8_dat <- bind_rows(ewt_6.8_4_dat, ewt_6.8_5_dat, ewt_6.8_5.5_dat, ewt_6.8_6_dat, ewt_6.8_6.5_dat, ewt_6.8_7_dat, ewt_6.8_10_dat)"
"0","#bin and plot"
"0","ewt_6.8_bin_plot <- bin_plot(ewt_6.8_dat, 0.5)"
"2","Ignoring unknown parameters: binwidth, bins, pad"
"0","ewt_6.8_bin_plot"
